Underlying,Maturity,Strike,LAST,Impl Vol
1698.9,1,1275,0.05,1.22
1698.9,1,1300,0.05,1.14
1698.9,1,1325,,1.06
1698.9,1,1350,0.05,0.99
1698.9,1,1360,0.05,0.96
1698.9,1,1370,0.05,0.93
1698.9,1,1375,0.05,0.91
1698.9,1,1380,,0.9
1698.9,1,1390,0.1,0.87
1698.9,1,1400,0.05,0.84
1698.9,1,1410,0.05,0.81
1698.9,1,1415,0.05,0.8
1698.9,1,1420,0.05,0.78
1698.9,1,1425,0.05,0.77
1698.9,1,1430,0.2,0.76
1698.9,1,1435,0.05,0.74
1698.9,1,1440,0.05,0.73
1698.9,1,1445,0.05,0.71
1698.9,1,1450,0.05,0.7
1698.9,1,1455,0.05,0.69
1698.9,1,1460,0.1,0.67
1698.9,1,1465,0.1,0.66
1698.9,1,1470,0.05,0.64
1698.9,1,1475,0.05,0.63
1698.9,1,1480,0.05,0.62
1698.9,1,1485,0.05,0.6
1698.9,1,1490,0.02,0.59
1698.9,1,1495,0.05,0.57
1698.9,1,1500,0.05,0.56
1698.9,1,1505,0.05,0.55
1698.9,1,1510,0.05,0.53
1698.9,1,1515,0.05,0.52
1698.9,1,1520,0.05,0.51
1698.9,1,1525,0.05,0.49
1698.9,1,1530,0.05,0.48
1698.9,1,1535,0.05,0.46
1698.9,1,1540,0.05,0.45
1698.9,1,1545,0.05,0.44
1698.9,1,1550,0.05,0.42
1698.9,1,1555,0.05,0.41
1698.9,1,1560,0.05,0.4
1698.9,1,1565,0.05,0.38
1698.9,1,1570,0.1,0.37
1698.9,1,1575,0.05,0.36
1698.9,1,1580,0.1,0.34
1698.9,1,1585,0.05,0.33
1698.9,1,1590,0.05,0.31
1698.9,1,1595,0.05,0.3
1698.9,1,1600,0.05,0.29
1698.9,1,1605,0.05,0.27
1698.9,1,1610,0.05,0.26
1698.9,1,1615,0.05,0.28
1698.9,1,1620,0.05,0.26
1698.9,1,1625,0.08,0.25
1698.9,1,1630,0.1,0.23
1698.9,1,1635,0.1,0.22
1698.9,1,1640,0.1,0.22
1698.9,1,1645,0.2,0.19
1698.9,1,1650,0.15,0.18
1698.9,1,1655,0.15,0.18
1698.9,1,1660,0.15,0.16
1698.9,1,1665,0.2,0.15
1698.9,1,1670,0.25,0.13
1698.9,1,1675,0.41,0.12
1698.9,1,1680,0.6,0.11
1698.9,1,1685,0.86,0.1
1698.9,1,1690,1.66,0.09
1698.9,1,1695,2.7,0.08
1698.9,1,1700,5.1,0.08
1698.9,1,1705,7.38,0.09
1698.9,1,1710,10.85,0.09
1698.9,1,1715,16.34,0.09
1698.9,1,1720,29.9,0.1
1698.9,1,1725,26.06,0.12
1698.9,1,1730,30.6,0.14
1698.9,1,1735,37.15,0.16
1698.9,1,1740,42.15,0.18
1698.9,1,1745,49.2,0.2
1698.9,1,1750,62.82,0.21
1698.9,1,1755,67.72,0.23
1698.9,1,1760,63.46,0.25
1698.9,1,1765,66.1,0.26
1698.9,1,1770,,0.28
1698.9,1,1775,,0.3
1698.9,1,1780,,0.31
1698.9,1,1785,,0.33
1698.9,1,1790,,0.34
1698.9,1,1795,,0.36
1698.9,1,1800,,0.37
1698.9,1,1825,,0.45
1698.9,1,1850,,0.52
1698.9,7,500,0.1,2.41
1698.9,7,550,,2.23
1698.9,7,600,,2.06
1698.9,7,650,,1.91
1698.9,7,700,,1.77
1698.9,7,750,,1.63
1698.9,7,775,,1.57
1698.9,7,800,0.1,1.51
1698.9,7,825,,1.45
1698.9,7,850,,1.39
1698.9,7,875,0.01,1.34
1698.9,7,900,0.05,1.28
1698.9,7,925,0.09,1.23
1698.9,7,950,,1.18
1698.9,7,975,,1.13
1698.9,7,1000,0.05,1.08
1698.9,7,1025,,1.03
1698.9,7,1050,0.05,0.99
1698.9,7,1055,0.05,0.98
1698.9,7,1060,0.05,0.97
1698.9,7,1065,0.05,0.96
1698.9,7,1070,0.05,0.95
1698.9,7,1075,0.05,0.94
1698.9,7,1080,0.05,0.93
1698.9,7,1085,0.05,0.92
1698.9,7,1090,0.05,0.91
1698.9,7,1095,0.05,0.91
1698.9,7,1100,0.05,0.9
1698.9,7,1105,0.05,0.89
1698.9,7,1110,0.05,0.88
1698.9,7,1115,0.05,0.87
1698.9,7,1120,0.05,0.86
1698.9,7,1125,0.05,0.85
1698.9,7,1130,0.05,0.84
1698.9,7,1135,0.05,0.84
1698.9,7,1140,0.05,0.83
1698.9,7,1145,0.05,0.82
1698.9,7,1150,0.05,0.81
1698.9,7,1155,0.05,0.8
1698.9,7,1160,0.05,0.79
1698.9,7,1165,0.05,0.78
1698.9,7,1170,0.05,0.78
1698.9,7,1175,0.05,0.77
1698.9,7,1180,0.05,0.76
1698.9,7,1185,0.05,0.75
1698.9,7,1190,0.05,0.74
1698.9,7,1195,0.05,0.73
1698.9,7,1200,0.05,0.73
1698.9,7,1205,0.05,0.72
1698.9,7,1210,0.05,0.71
1698.9,7,1215,0.05,0.7
1698.9,7,1220,0.05,0.7
1698.9,7,1225,0.05,0.69
1698.9,7,1230,0.05,0.68
1698.9,7,1235,0.1,0.67
1698.9,7,1240,0.1,0.66
1698.9,7,1245,0.1,0.65
1698.9,7,1250,0.05,0.65
1698.9,7,1255,0.05,0.64
1698.9,7,1260,0.05,0.63
1698.9,7,1265,0.1,0.62
1698.9,7,1270,0.05,0.62
1698.9,7,1275,0.05,0.61
1698.9,7,1280,0.1,0.6
1698.9,7,1285,0.05,0.59
1698.9,7,1290,0.05,0.58
1698.9,7,1295,0.05,0.58
1698.9,7,1300,0.03,0.57
1698.9,7,1305,0.05,0.56
1698.9,7,1310,0.05,0.55
1698.9,7,1315,0.05,0.55
1698.9,7,1320,0.05,0.54
1698.9,7,1325,0.05,0.53
1698.9,7,1330,0.05,0.52
1698.9,7,1335,0.05,0.52
1698.9,7,1340,0.05,0.51
1698.9,7,1345,0.05,0.5
1698.9,7,1350,0.05,0.49
1698.9,7,1355,0.05,0.49
1698.9,7,1360,0.05,0.48
1698.9,7,1365,0.2,0.47
1698.9,7,1370,0.05,0.46
1698.9,7,1375,0.05,0.46
1698.9,7,1380,0.05,0.45
1698.9,7,1385,0.1,0.44
1698.9,7,1390,0.05,0.44
1698.9,7,1395,0.05,0.43
1698.9,7,1400,0.05,0.42
1698.9,7,1405,0.05,0.41
1698.9,7,1410,0.05,0.41
1698.9,7,1415,0.05,0.4
1698.9,7,1420,0.05,0.39
1698.9,7,1425,0.05,0.39
1698.9,7,1430,0.05,0.38
1698.9,7,1435,0.05,0.37
1698.9,7,1440,0.05,0.36
1698.9,7,1445,0.05,0.36
1698.9,7,1450,0.05,0.35
1698.9,7,1455,0.05,0.34
1698.9,7,1460,0.05,0.34
1698.9,7,1465,0.05,0.35
1698.9,7,1470,0.1,0.36
1698.9,7,1475,0.1,0.35
1698.9,7,1480,0.1,0.34
1698.9,7,1485,0.05,0.33
1698.9,7,1490,0.1,0.33
1698.9,7,1495,0.1,0.32
1698.9,7,1500,0.1,0.32
1698.9,7,1505,0.1,0.31
1698.9,7,1510,0.1,0.3
1698.9,7,1515,0.1,0.3
1698.9,7,1520,0.1,0.29
1698.9,7,1525,0.1,0.29
1698.9,7,1530,0.2,0.28
1698.9,7,1535,0.21,0.28
1698.9,7,1540,0.15,0.27
1698.9,7,1545,0.2,0.26
1698.9,7,1550,0.2,0.26
1698.9,7,1555,0.2,0.25
1698.9,7,1560,0.2,0.25
1698.9,7,1565,0.15,0.24
1698.9,7,1570,0.2,0.23
1698.9,7,1575,0.25,0.23
1698.9,7,1580,0.3,0.23
1698.9,7,1585,0.3,0.22
1698.9,7,1590,0.4,0.22
1698.9,7,1595,0.55,0.21
1698.9,7,1600,0.35,0.2
1698.9,7,1605,0.4,0.19
1698.9,7,1610,0.45,0.19
1698.9,7,1615,0.55,0.19
1698.9,7,1620,0.55,0.18
1698.9,7,1625,0.65,0.17
1698.9,7,1630,0.6,0.16
1698.9,7,1635,0.85,0.16
1698.9,7,1640,1,0.15
1698.9,7,1645,1.26,0.15
1698.9,7,1650,1.4,0.14
1698.9,7,1655,1.56,0.14
1698.9,7,1660,1.95,0.13
1698.9,7,1665,2.35,0.13
1698.9,7,1670,2.8,0.12
1698.9,7,1675,3.5,0.12
1698.9,7,1680,3.94,0.11
1698.9,7,1685,5.6,0.11
1698.9,7,1690,6.8,0.11
1698.9,7,1695,8.4,0.1
1698.9,7,1700,10.7,0.1
1698.9,7,1705,12.77,0.1
1698.9,7,1710,16.21,0.1
1698.9,7,1715,24.51,0.1
1698.9,7,1720,23.4,0.1
1698.9,7,1725,28.2,0.11
1698.9,7,1730,42,0.11
1698.9,7,1735,46.34,0.12
1698.9,7,1740,45.25,0.13
1698.9,7,1745,57.3,0.14
1698.9,7,1750,60.25,0.15
1698.9,7,1755,,0.16
1698.9,7,1760,63.1,0.17
1698.9,7,1765,77.5,0.18
1698.9,7,1770,75,0.19
1698.9,7,1775,86.45,0.2
1698.9,7,1780,97,0.21
1698.9,7,1785,100.42,0.22
1698.9,7,1790,105.76,0.22
1698.9,7,1795,108.1,0.23
1698.9,7,1800,107,0.24
1698.9,7,1805,,0.25
1698.9,7,1810,,0.26
1698.9,7,1815,135,0.27
1698.9,7,1820,131,0.28
1698.9,7,1825,,0.29
1698.9,7,1830,,0.29
1698.9,7,1840,,0.31
1698.9,7,1850,,0.33
1698.9,7,1860,,0.35
1698.9,7,1870,,0.36
1698.9,7,1875,,0.37
1698.9,7,1880,,0.38
1698.9,7,1890,,0.39
1698.9,7,1900,251,0.41
1698.9,7,1925,,0.45
1698.9,7,1950,261.6,0.49
1698.9,7,1975,,0.52
1698.9,7,2000,319.81,0.56
1698.9,15,1300,,0.4
1698.9,15,1325,,0.38
1698.9,15,1350,0.05,0.35
1698.9,15,1375,0.05,0.32
1698.9,15,1400,0.05,0.33
1698.9,15,1410,,0.32
1698.9,15,1420,0.1,0.31
1698.9,15,1425,0.1,0.31
1698.9,15,1430,,0.31
1698.9,15,1440,0.35,0.3
1698.9,15,1450,0.1,0.29
1698.9,15,1460,0.2,0.29
1698.9,15,1470,0.15,0.28
1698.9,15,1475,0.25,0.27
1698.9,15,1480,0.25,0.27
1698.9,15,1490,0.3,0.26
1698.9,15,1500,0.3,0.25
1698.9,15,1505,0.5,0.25
1698.9,15,1510,0.2,0.25
1698.9,15,1515,0.3,0.24
1698.9,15,1520,1,0.24
1698.9,15,1525,0.4,0.24
1698.9,15,1530,0.4,0.23
1698.9,15,1535,0.35,0.23
1698.9,15,1540,0.55,0.22
1698.9,15,1545,1.6,0.22
1698.9,15,1550,0.65,0.22
1698.9,15,1555,1.6,0.21
1698.9,15,1560,0.6,0.21
1698.9,15,1565,1.05,0.2
1698.9,15,1570,0.7,0.2
1698.9,15,1575,0.75,0.19
1698.9,15,1580,1.05,0.19
1698.9,15,1585,1.15,0.19
1698.9,15,1590,0.9,0.18
1698.9,15,1595,1.1,0.18
1698.9,15,1600,1.15,0.17
1698.9,15,1605,1.7,0.17
1698.9,15,1610,1.5,0.16
1698.9,15,1615,2.1,0.16
1698.9,15,1620,1.75,0.16
1698.9,15,1625,2.75,0.15
1698.9,15,1630,2.2,0.15
1698.9,15,1635,2.5,0.14
1698.9,15,1640,2.75,0.14
1698.9,15,1645,4.75,0.14
1698.9,15,1650,3.55,0.13
1698.9,15,1655,3.92,0.13
1698.9,15,1660,4.48,0.13
1698.9,15,1665,5.3,0.12
1698.9,15,1670,6.89,0.12
1698.9,15,1675,6.8,0.12
1698.9,15,1680,8.2,0.11
1698.9,15,1685,9.3,0.11
1698.9,15,1690,11.3,0.11
1698.9,15,1695,12.6,0.11
1698.9,15,1700,15.2,0.1
1698.9,15,1705,18.9,0.1
1698.9,15,1710,20.3,0.1
1698.9,15,1715,22.4,0.1
1698.9,15,1720,35.4,0.1
1698.9,15,1725,44.7,0.1
1698.9,15,1730,39.57,0.1
1698.9,15,1735,43.15,0.1
1698.9,15,1740,55.9,0.11
1698.9,15,1745,62.4,0.11
1698.9,15,1750,,0.12
1698.9,15,1755,,0.12
1698.9,15,1760,,0.13
1698.9,15,1765,71.37,0.14
1698.9,15,1770,,0.14
1698.9,15,1775,,0.15
1698.9,15,1780,,0.16
1698.9,15,1785,,0.16
1698.9,15,1790,,0.17
1698.9,15,1795,,0.18
1698.9,15,1800,,0.18
1698.9,15,1810,,0.2
1698.9,15,1820,,0.21
1698.9,15,1825,,0.22
1698.9,15,1830,,0.22
1698.9,15,1850,,0.25
1698.9,15,1875,,0.28
1698.9,15,1900,,0.31
1698.9,22,1325,,0.31
1698.9,22,1350,0.05,0.31
1698.9,22,1375,0.05,0.3
1698.9,22,1400,0.15,0.29
1698.9,22,1420,0.15,0.28
1698.9,22,1425,0.25,0.27
1698.9,22,1430,,0.27
1698.9,22,1440,0.2,0.26
1698.9,22,1450,0.25,0.26
1698.9,22,1460,0.35,0.25
1698.9,22,1470,0.2,0.25
1698.9,22,1475,0.35,0.24
1698.9,22,1480,0.3,0.24
1698.9,22,1490,0.25,0.23
1698.9,22,1500,0.65,0.23
1698.9,22,1505,1.2,0.22
1698.9,22,1510,0.55,0.22
1698.9,22,1515,0.75,0.22
1698.9,22,1520,0.45,0.21
1698.9,22,1525,1,0.21
1698.9,22,1530,2.05,0.21
1698.9,22,1535,1.63,0.2
1698.9,22,1540,0.75,0.2
1698.9,22,1545,1.25,0.2
1698.9,22,1550,1.35,0.19
1698.9,22,1555,1.2,0.19
1698.9,22,1560,1.55,0.19
1698.9,22,1565,1.1,0.18
1698.9,22,1570,1.35,0.18
1698.9,22,1575,1.41,0.18
1698.9,22,1580,1.95,0.17
1698.9,22,1585,1.55,0.17
1698.9,22,1590,2.3,0.17
1698.9,22,1595,2.5,0.17
1698.9,22,1600,2.05,0.16
1698.9,22,1605,3.28,0.16
1698.9,22,1610,2.5,0.16
1698.9,22,1615,2.85,0.15
1698.9,22,1620,3.1,0.15
1698.9,22,1625,3.35,0.15
1698.9,22,1630,3.7,0.14
1698.9,22,1635,3.95,0.14
1698.9,22,1640,4.5,0.14
1698.9,22,1645,5,0.14
1698.9,22,1650,5.7,0.13
1698.9,22,1655,6.4,0.13
1698.9,22,1660,7.2,0.13
1698.9,22,1665,8.35,0.12
1698.9,22,1670,8.95,0.12
1698.9,22,1675,12.5,0.12
1698.9,22,1680,11.3,0.12
1698.9,22,1685,13.2,0.12
1698.9,22,1690,14.5,0.11
1698.9,22,1695,19.8,0.11
1698.9,22,1700,19.15,0.11
1698.9,22,1705,26.6,0.11
1698.9,22,1710,28.15,0.11
1698.9,22,1715,32.8,0.1
1698.9,22,1720,36.25,0.1
1698.9,22,1725,40.4,0.1
1698.9,22,1730,45.7,0.1
1698.9,22,1735,47.5,0.11
1698.9,22,1740,53,0.11
1698.9,22,1745,55.7,0.11
1698.9,22,1750,55.9,0.11
1698.9,22,1755,69.5,0.11
1698.9,22,1760,,0.12
1698.9,22,1765,,0.12
1698.9,22,1770,,0.13
1698.9,22,1775,,0.13
1698.9,22,1780,,0.14
1698.9,22,1785,,0.15
1698.9,22,1790,,0.15
1698.9,22,1795,,0.16
1698.9,22,1800,,0.16
1698.9,22,1805,,0.17
1698.9,22,1810,,0.17
1698.9,22,1820,,0.19
1698.9,22,1825,,0.19
1698.9,22,1830,,0.2
1698.9,22,1840,,0.21
1698.9,22,1875,174.77,0.24
1698.9,22,1900,199.67,0.27
1698.9,22,1925,239.6,0.29
1698.9,29,1325,,0.32
1698.9,29,1350,,0.3
1698.9,29,1375,,0.29
1698.9,29,1400,,0.27
1698.9,29,1420,,0.25
1698.9,29,1425,,0.25
1698.9,29,1430,,0.25
1698.9,29,1440,,0.24
1698.9,29,1450,0.55,0.23
1698.9,29,1460,,0.23
1698.9,29,1470,0.55,0.22
1698.9,29,1475,0.7,0.22
1698.9,29,1480,,0.22
1698.9,29,1490,,0.21
1698.9,29,1500,1.15,0.21
1698.9,29,1505,,0.21
1698.9,29,1510,1.05,0.2
1698.9,29,1515,1.3,0.2
1698.9,29,1520,,0.2
1698.9,29,1525,1.15,0.2
1698.9,29,1530,1.11,0.19
1698.9,29,1535,1.86,0.19
1698.9,29,1540,1.6,0.19
1698.9,29,1545,,0.19
1698.9,29,1550,2.26,0.18
1698.9,29,1555,2.58,0.18
1698.9,29,1560,1.6,0.18
1698.9,29,1565,2.1,0.17
1698.9,29,1570,2.45,0.17
1698.9,29,1575,2.05,0.17
1698.9,29,1580,3.8,0.17
1698.9,29,1585,2.4,0.16
1698.9,29,1590,3.5,0.16
1698.9,29,1595,3.35,0.16
1698.9,29,1600,3.5,0.16
1698.9,29,1605,4.6,0.15
1698.9,29,1610,4.15,0.15
1698.9,29,1615,5.5,0.15
1698.9,29,1620,4.9,0.15
1698.9,29,1625,4.68,0.14
1698.9,29,1630,5.52,0.14
1698.9,29,1635,7.1,0.14
1698.9,29,1640,9,0.14
1698.9,29,1645,7.77,0.14
1698.9,29,1650,8,0.13
1698.9,29,1655,13,0.13
1698.9,29,1660,9.8,0.13
1698.9,29,1665,10.9,0.13
1698.9,29,1670,15.1,0.12
1698.9,29,1675,17,0.12
1698.9,29,1680,14.7,0.12
1698.9,29,1685,16.5,0.12
1698.9,29,1690,17.9,0.12
1698.9,29,1695,20,0.11
1698.9,29,1700,21.68,0.11
1698.9,29,1705,24.1,0.11
1698.9,29,1710,37.3,0.11
1698.9,29,1715,27.18,0.11
1698.9,29,1720,,0.11
1698.9,29,1725,32.4,0.11
1698.9,29,1730,,0.11
1698.9,29,1735,,0.11
1698.9,29,1740,55.4,0.11
1698.9,29,1745,,0.11
1698.9,29,1750,55.6,0.11
1698.9,29,1755,,0.11
1698.9,29,1760,,0.12
1698.9,29,1765,,0.12
1698.9,29,1770,,0.12
1698.9,29,1775,,0.13
1698.9,29,1780,,0.13
1698.9,29,1785,,0.14
1698.9,29,1790,,0.14
1698.9,29,1795,,0.15
1698.9,29,1800,,0.15
1698.9,29,1805,,0.16
1698.9,29,1810,,0.16
1698.9,29,1820,,0.17
1698.9,29,1825,,0.18
1698.9,29,1830,,0.18
1698.9,29,1840,,0.19
1698.9,29,1850,150.5,0.2
1698.9,29,1875,175.35,0.23
1698.9,29,1900,,0.25
1698.9,29,1925,,0.27
1698.9,42,100,50,2.41
1698.9,42,150,0.05,2.06
1698.9,42,200,0.05,1.81
1698.9,42,300,,1.47
1698.9,42,350,,1.34
1698.9,42,400,0.1,1.23
1698.9,42,500,0.05,1.04
1698.9,42,550,0.05,0.96
1698.9,42,600,0.05,0.89
1698.9,42,650,0.05,0.82
1698.9,42,700,0.05,0.76
1698.9,42,725,,0.73
1698.9,42,750,0.1,0.71
1698.9,42,775,0.16,0.68
1698.9,42,800,0.1,0.65
1698.9,42,825,0.24,0.63
1698.9,42,850,0.35,0.6
1698.9,42,875,0.15,0.58
1698.9,42,900,0.05,0.55
1698.9,42,925,0.25,0.53
1698.9,42,950,0.05,0.51
1698.9,42,975,0.05,0.49
1698.9,42,1000,0.05,0.47
1698.9,42,1025,0.05,0.45
1698.9,42,1035,,0.46
1698.9,42,1040,,0.46
1698.9,42,1045,,0.45
1698.9,42,1050,0.05,0.43
1698.9,42,1055,,0.45
1698.9,42,1060,,0.46
1698.9,42,1065,,0.45
1698.9,42,1070,0.05,0.45
1698.9,42,1075,0.05,0.41
1698.9,42,1080,0.05,0.44
1698.9,42,1085,0.07,0.43
1698.9,42,1090,0.5,0.43
1698.9,42,1095,,0.43
1698.9,42,1100,0.05,0.39
1698.9,42,1105,0.07,0.42
1698.9,42,1110,0.6,0.41
1698.9,42,1115,,0.41
1698.9,42,1120,0.1,0.37
1698.9,42,1125,0.05,0.37
1698.9,42,1130,0.05,0.36
1698.9,42,1135,0.05,0.39
1698.9,42,1140,0.05,0.36
1698.9,42,1145,0.05,0.39
1698.9,42,1150,0.05,0.35
1698.9,42,1155,,0.4
1698.9,42,1160,0.15,0.34
1698.9,42,1165,,0.39
1698.9,42,1170,0.05,0.34
1698.9,42,1175,0.05,0.33
1698.9,42,1180,0.14,0.33
1698.9,42,1185,,0.38
1698.9,42,1190,0.05,0.32
1698.9,42,1195,,0.37
1698.9,42,1200,0.05,0.31
1698.9,42,1205,,0.36
1698.9,42,1210,0.05,0.31
1698.9,42,1215,,0.35
1698.9,42,1220,0.05,0.3
1698.9,42,1225,0.05,0.3
1698.9,42,1230,0.05,0.31
1698.9,42,1235,,0.34
1698.9,42,1240,0.1,0.31
1698.9,42,1245,0.35,0.34
1698.9,42,1250,0.1,0.31
1698.9,42,1255,0.35,0.33
1698.9,42,1260,0.1,0.3
1698.9,42,1265,0.7,0.32
1698.9,42,1270,0.1,0.29
1698.9,42,1275,0.1,0.28
1698.9,42,1280,0.55,0.28
1698.9,42,1285,0.25,0.3
1698.9,42,1290,0.15,0.28
1698.9,42,1295,0.6,0.3
1698.9,42,1300,0.2,0.28
1698.9,42,1305,0.3,0.29
1698.9,42,1310,0.15,0.27
1698.9,42,1315,0.45,0.29
1698.9,42,1320,0.2,0.26
1698.9,42,1325,0.15,0.27
1698.9,42,1330,0.3,0.28
1698.9,42,1335,0.6,0.28
1698.9,42,1340,0.3,0.27
1698.9,42,1345,0.6,0.27
1698.9,42,1350,0.25,0.26
1698.9,42,1355,0.25,0.24
1698.9,42,1360,0.25,0.24
1698.9,42,1365,0.3,0.24
1698.9,42,1370,0.3,0.24
1698.9,42,1375,0.3,0.25
1698.9,42,1380,0.45,0.24
1698.9,42,1385,0.35,0.24
1698.9,42,1390,0.45,0.23
1698.9,42,1395,0.4,0.23
1698.9,42,1400,0.4,0.23
1698.9,42,1405,0.5,0.23
1698.9,42,1410,0.55,0.23
1698.9,42,1415,0.5,0.23
1698.9,42,1420,0.55,0.23
1698.9,42,1425,0.55,0.23
1698.9,42,1430,0.55,0.22
1698.9,42,1435,0.75,0.22
1698.9,42,1440,0.7,0.22
1698.9,42,1445,0.75,0.22
1698.9,42,1450,0.8,0.22
1698.9,42,1455,0.85,0.22
1698.9,42,1460,1.2,0.21
1698.9,42,1465,0.9,0.21
1698.9,42,1470,1.05,0.21
1698.9,42,1475,1.1,0.21
1698.9,42,1480,1.2,0.21
1698.9,42,1485,1.5,0.2
1698.9,42,1490,1.6,0.2
1698.9,42,1495,1.85,0.2
1698.9,42,1500,1.5,0.2
1698.9,42,1505,2.3,0.2
1698.9,42,1510,1.6,0.2
1698.9,42,1515,2.65,0.19
1698.9,42,1520,1.95,0.19
1698.9,42,1525,2.1,0.19
1698.9,42,1530,2.1,0.19
1698.9,42,1535,2.41,0.19
1698.9,42,1540,2.6,0.18
1698.9,42,1545,2.71,0.18
1698.9,42,1550,3.01,0.18
1698.9,42,1555,3.55,0.18
1698.9,42,1560,3.5,0.18
1698.9,42,1565,3.95,0.17
1698.9,42,1570,3.96,0.17
1698.9,42,1575,4.05,0.17
1698.9,42,1580,4.4,0.17
1698.9,42,1585,4.75,0.17
1698.9,42,1590,6,0.16
1698.9,42,1595,5.5,0.16
1698.9,42,1600,6.05,0.16
1698.9,42,1605,6.2,0.16
1698.9,42,1610,7.2,0.16
1698.9,42,1615,7.8,0.15
1698.9,42,1620,8.2,0.15
1698.9,42,1625,8.9,0.15
1698.9,42,1630,9.6,0.15
1698.9,42,1635,10.4,0.15
1698.9,42,1640,11.12,0.14
1698.9,42,1645,12,0.14
1698.9,42,1650,13.5,0.14
1698.9,42,1655,14,0.14
1698.9,42,1660,15.4,0.14
1698.9,42,1665,16.7,0.13
1698.9,42,1670,17.66,0.13
1698.9,42,1675,19.05,0.13
1698.9,42,1680,21.05,0.13
1698.9,42,1685,22.15,0.13
1698.9,42,1690,23.95,0.13
1698.9,42,1695,27,0.12
1698.9,42,1700,28.35,0.12
1698.9,42,1705,30.5,0.12
1698.9,42,1710,38.3,0.12
1698.9,42,1715,,0.12
1698.9,42,1720,38.62,0.12
1698.9,42,1725,41.15,0.12
1698.9,42,1730,50,0.12
1698.9,42,1735,49.8,0.12
1698.9,42,1740,62.8,0.12
1698.9,42,1745,105.2,0.11
1698.9,42,1750,60.2,0.11
1698.9,42,1755,64,0.12
1698.9,42,1760,,0.12
1698.9,42,1765,80.7,0.12
1698.9,42,1770,74.5,0.12
1698.9,42,1775,77.5,0.12
1698.9,42,1780,100.9,0.13
1698.9,42,1785,89,0.13
1698.9,42,1790,91.8,0.13
1698.9,42,1795,,0.14
1698.9,42,1800,104,0.14
1698.9,42,1810,,0.15
1698.9,42,1820,,0.15
1698.9,42,1825,,0.16
1698.9,42,1830,,0.16
1698.9,42,1840,,0.17
1698.9,42,1850,,0.18
1698.9,42,1860,160.8,0.19
1698.9,42,1870,,0.19
1698.9,42,1875,173.75,0.2
1698.9,42,1900,198.65,0.22
1698.9,42,1925,,0.24
1698.9,42,1950,341.55,0.25
1698.9,42,1975,,0.27
1698.9,42,2000,305.58,0.29
1698.9,42,2050,378.65,0.32
1698.9,42,2100,486,0.36
1698.9,42,2150,541,0.39
1698.9,42,2200,,0.42
1698.9,53,400,0.05,1.29
1698.9,53,500,0.05,1.09
1698.9,53,600,0.4,0.94
1698.9,53,700,0.45,0.8
1698.9,53,750,0.3,0.74
1698.9,53,800,0.2,0.69
1698.9,53,850,1.4,0.64
1698.9,53,875,5.9,0.61
1698.9,53,900,0.05,0.59
1698.9,53,925,0.1,0.56
1698.9,53,950,8.5,0.54
1698.9,53,975,3.4,0.52
1698.9,53,1000,0.55,0.5
1698.9,53,1025,0.05,0.47
1698.9,53,1050,0.05,0.43
1698.9,53,1075,,0.43
1698.9,53,1100,0.3,0.41
1698.9,53,1125,2,0.4
1698.9,53,1150,1.5,0.38
1698.9,53,1160,,0.37
1698.9,53,1170,,0.36
1698.9,53,1175,1.85,0.36
1698.9,53,1180,,0.36
1698.9,53,1190,,0.35
1698.9,53,1200,1.55,0.34
1698.9,53,1210,,0.33
1698.9,53,1220,,0.33
1698.9,53,1225,2,0.33
1698.9,53,1230,,0.32
1698.9,53,1240,2.1,0.31
1698.9,53,1250,0.3,0.31
1698.9,53,1260,,0.3
1698.9,53,1270,,0.3
1698.9,53,1275,2.1,0.29
1698.9,53,1280,,0.29
1698.9,53,1290,3.2,0.29
1698.9,53,1300,0.25,0.27
1698.9,53,1310,,0.27
1698.9,53,1320,,0.27
1698.9,53,1325,0.55,0.26
1698.9,53,1330,,0.26
1698.9,53,1340,0.85,0.26
1698.9,53,1350,0.65,0.25
1698.9,53,1360,,0.25
1698.9,53,1370,1.15,0.25
1698.9,53,1375,0.5,0.24
1698.9,53,1380,2.15,0.24
1698.9,53,1390,2.2,0.24
1698.9,53,1395,,0.23
1698.9,53,1400,0.75,0.24
1698.9,53,1410,1.75,0.23
1698.9,53,1420,1,0.23
1698.9,53,1425,0.95,0.22
1698.9,53,1430,,0.22
1698.9,53,1435,,0.22
1698.9,53,1440,3.5,0.22
1698.9,53,1445,,0.22
1698.9,53,1450,1.45,0.21
1698.9,53,1455,,0.21
1698.9,53,1460,,0.21
1698.9,53,1465,,0.21
1698.9,53,1470,2.1,0.21
1698.9,53,1475,1.7,0.21
1698.9,53,1480,1.85,0.2
1698.9,53,1485,,0.2
1698.9,53,1490,3.6,0.2
1698.9,53,1495,2.8,0.2
1698.9,53,1500,2.3,0.2
1698.9,53,1505,2.35,0.19
1698.9,53,1510,2.44,0.19
1698.9,53,1515,2.65,0.19
1698.9,53,1520,3.5,0.19
1698.9,53,1525,3.1,0.19
1698.9,53,1530,3.5,0.18
1698.9,53,1535,3.5,0.18
1698.9,53,1540,5,0.18
1698.9,53,1545,11,0.18
1698.9,53,1550,4.3,0.18
1698.9,53,1555,,0.17
1698.9,53,1560,6,0.17
1698.9,53,1565,6.2,0.17
1698.9,53,1570,6.7,0.17
1698.9,53,1575,6,0.17
1698.9,53,1580,6.2,0.16
1698.9,53,1585,8.1,0.16
1698.9,53,1590,8,0.16
1698.9,53,1595,,0.16
1698.9,53,1600,8.2,0.16
1698.9,53,1605,,0.16
1698.9,53,1610,10.2,0.15
1698.9,53,1615,11.15,0.15
1698.9,53,1620,11,0.15
1698.9,53,1625,11.8,0.15
1698.9,53,1630,11.35,0.15
1698.9,53,1635,13.7,0.15
1698.9,53,1640,16.4,0.14
1698.9,53,1645,15.55,0.14
1698.9,53,1650,16.6,0.14
1698.9,53,1655,,0.14
1698.9,53,1660,24.8,0.14
1698.9,53,1665,,0.14
1698.9,53,1670,23.25,0.13
1698.9,53,1675,29,0.13
1698.9,53,1680,23.3,0.13
1698.9,53,1685,31.8,0.13
1698.9,53,1690,31.6,0.13
1698.9,53,1695,,0.13
1698.9,53,1700,36.9,0.12
1698.9,53,1705,35,0.12
1698.9,53,1710,,0.12
1698.9,53,1715,,0.12
1698.9,53,1720,,0.12
1698.9,53,1725,45.1,0.12
1698.9,53,1730,48,0.12
1698.9,53,1735,,0.12
1698.9,53,1740,,0.12
1698.9,53,1745,,0.12
1698.9,53,1750,145,0.12
1698.9,53,1755,,0.12
1698.9,53,1760,,0.12
1698.9,53,1765,,0.12
1698.9,53,1770,,0.12
1698.9,53,1775,,0.12
1698.9,53,1780,,0.12
1698.9,53,1785,,0.12
1698.9,53,1790,,0.13
1698.9,53,1795,,0.13
1698.9,53,1800,,0.13
1698.9,53,1805,,0.13
1698.9,53,1810,,0.14
1698.9,53,1815,,0.14
1698.9,53,1820,,0.14
1698.9,53,1825,,0.15
1698.9,53,1850,,0.16
1698.9,53,1875,,0.18
1698.9,53,1900,,0.2
1698.9,53,1945,,0.23
1698.9,53,1950,,0.23
1698.9,53,1970,,0.24
1698.9,53,1975,,0.25
1698.9,53,1980,,0.25
1698.9,53,1990,,0.26
1698.9,53,1995,,0.26
1698.9,53,2000,,0.26
1698.9,70,500,0.05,0.81
1698.9,70,600,,0.69
1698.9,70,650,,0.64
1698.9,70,700,,0.59
1698.9,70,725,,0.57
1698.9,70,750,,0.55
1698.9,70,775,,0.56
1698.9,70,800,0.1,0.51
1698.9,70,825,0.05,0.57
1698.9,70,850,0.05,0.55
1698.9,70,875,0.05,0.47
1698.9,70,900,0.05,0.45
1698.9,70,925,0.05,0.44
1698.9,70,950,0.05,0.47
1698.9,70,975,0.28,0.45
1698.9,70,1000,0.2,0.38
1698.9,70,1025,0.05,0.38
1698.9,70,1030,,0.4
1698.9,70,1040,,0.4
1698.9,70,1050,0.2,0.35
1698.9,70,1060,0.2,0.34
1698.9,70,1070,,0.38
1698.9,70,1075,0.1,0.33
1698.9,70,1080,0.25,0.33
1698.9,70,1090,,0.37
1698.9,70,1100,0.2,0.33
1698.9,70,1110,,0.35
1698.9,70,1120,0.35,0.32
1698.9,70,1125,0.25,0.31
1698.9,70,1130,,0.34
1698.9,70,1140,0.45,0.3
1698.9,70,1150,0.1,0.32
1698.9,70,1160,0.3,0.3
1698.9,70,1170,0.2,0.31
1698.9,70,1175,0.25,0.3
1698.9,70,1180,0.25,0.29
1698.9,70,1190,0.24,0.31
1698.9,70,1200,0.2,0.29
1698.9,70,1210,0.26,0.3
1698.9,70,1220,0.3,0.27
1698.9,70,1225,0.35,0.26
1698.9,70,1230,0.25,0.27
1698.9,70,1240,0.45,0.26
1698.9,70,1250,0.45,0.28
1698.9,70,1260,0.5,0.26
1698.9,70,1270,0.55,0.26
1698.9,70,1275,0.55,0.26
1698.9,70,1280,0.45,0.27
1698.9,70,1290,0.65,0.25
1698.9,70,1300,0.55,0.26
1698.9,70,1310,0.75,0.25
1698.9,70,1320,0.8,0.25
1698.9,70,1325,0.85,0.25
1698.9,70,1330,0.85,0.24
1698.9,70,1340,0.85,0.25
1698.9,70,1350,1.05,0.24
1698.9,70,1360,1.2,0.24
1698.9,70,1370,1.15,0.24
1698.9,70,1375,1.2,0.24
1698.9,70,1380,1.35,0.23
1698.9,70,1390,1.65,0.23
1698.9,70,1400,1.8,0.23
1698.9,70,1410,1.95,0.22
1698.9,70,1420,3.9,0.22
1698.9,70,1425,1.95,0.22
1698.9,70,1430,2.1,0.22
1698.9,70,1440,3,0.21
1698.9,70,1450,2.75,0.21
1698.9,70,1460,3,0.21
1698.9,70,1470,3.5,0.2
1698.9,70,1475,3.2,0.2
1698.9,70,1480,4.2,0.2
1698.9,70,1490,3.95,0.2
1698.9,70,1500,5.15,0.2
1698.9,70,1510,4.95,0.19
1698.9,70,1520,7.35,0.19
1698.9,70,1525,5.7,0.19
1698.9,70,1530,6.4,0.19
1698.9,70,1540,6.7,0.18
1698.9,70,1550,7,0.18
1698.9,70,1560,9.93,0.18
1698.9,70,1570,9.61,0.17
1698.9,70,1575,9.7,0.17
1698.9,70,1580,10.4,0.17
1698.9,70,1590,11,0.17
1698.9,70,1600,13.05,0.16
1698.9,70,1610,14.2,0.16
1698.9,70,1620,16.2,0.16
1698.9,70,1625,17.1,0.15
1698.9,70,1630,21.24,0.15
1698.9,70,1640,23.65,0.15
1698.9,70,1645,22.8,0.15
1698.9,70,1650,23,0.15
1698.9,70,1660,26.4,0.14
1698.9,70,1665,30.5,0.14
1698.9,70,1670,28.32,0.14
1698.9,70,1675,29.6,0.14
1698.9,70,1680,31.6,0.14
1698.9,70,1690,34.8,0.14
1698.9,70,1700,39.9,0.13
1698.9,70,1710,44.05,0.13
1698.9,70,1720,46.15,0.13
1698.9,70,1725,51.6,0.13
1698.9,70,1730,61.4,0.13
1698.9,70,1740,64.35,0.13
1698.9,70,1750,75.05,0.12
1698.9,70,1760,92.41,0.12
1698.9,70,1770,97.5,0.12
1698.9,70,1775,110.45,0.13
1698.9,70,1780,93.8,0.13
1698.9,70,1790,113.11,0.13
1698.9,70,1800,124.7,0.13
1698.9,70,1810,165.3,0.14
1698.9,70,1820,,0.14
1698.9,70,1825,144.2,0.14
1698.9,70,1830,,0.15
1698.9,70,1840,,0.15
1698.9,70,1850,292,0.16
1698.9,70,1860,,0.16
1698.9,70,1870,,0.17
1698.9,70,1875,,0.17
1698.9,70,1880,,0.17
1698.9,70,1890,,0.18
1698.9,70,1900,292,0.19
1698.9,70,1950,,0.22
1698.9,70,2000,,0.25
1698.9,70,2100,,0.3
1698.9,98,500,,0.8
1698.9,98,600,,0.68
1698.9,98,700,,0.59
1698.9,98,750,,0.54
1698.9,98,800,0.15,0.5
1698.9,98,825,,0.48
1698.9,98,850,,0.47
1698.9,98,875,,0.45
1698.9,98,900,,0.43
1698.9,98,925,,0.42
1698.9,98,950,,0.4
1698.9,98,975,,0.38
1698.9,98,1000,0.2,0.37
1698.9,98,1025,,0.35
1698.9,98,1050,0.25,0.34
1698.9,98,1075,,0.33
1698.9,98,1100,0.35,0.3
1698.9,98,1120,0.7,0.3
1698.9,98,1125,,0.31
1698.9,98,1140,,0.3
1698.9,98,1150,0.85,0.29
1698.9,98,1160,0.4,0.29
1698.9,98,1175,0.5,0.28
1698.9,98,1180,0.5,0.28
1698.9,98,1200,0.65,0.27
1698.9,98,1220,0.75,0.28
1698.9,98,1225,0.8,0.27
1698.9,98,1240,0.9,0.27
1698.9,98,1250,1,0.27
1698.9,98,1260,1.1,0.26
1698.9,98,1275,1.25,0.26
1698.9,98,1280,1.3,0.26
1698.9,98,1300,1.5,0.25
1698.9,98,1320,2,0.24
1698.9,98,1325,2.05,0.24
1698.9,98,1340,2.3,0.24
1698.9,98,1350,2.6,0.24
1698.9,98,1360,2.5,0.24
1698.9,98,1375,2.5,0.23
1698.9,98,1380,,0.23
1698.9,98,1400,3.3,0.22
1698.9,98,1420,4.8,0.22
1698.9,98,1425,4.35,0.22
1698.9,98,1440,,0.21
1698.9,98,1450,6,0.21
1698.9,98,1460,5,0.21
1698.9,98,1475,6,0.2
1698.9,98,1480,6.95,0.2
1698.9,98,1500,8.6,0.19
1698.9,98,1520,9.3,0.19
1698.9,98,1525,11,0.19
1698.9,98,1540,11,0.18
1698.9,98,1550,12.6,0.18
1698.9,98,1560,13.95,0.18
1698.9,98,1575,16.1,0.17
1698.9,98,1580,18.4,0.17
1698.9,98,1600,22,0.16
1698.9,98,1620,27.2,0.16
1698.9,98,1625,27.6,0.16
1698.9,98,1640,29.5,0.16
1698.9,98,1650,31.6,0.15
1698.9,98,1660,35.5,0.15
1698.9,98,1675,39.46,0.15
1698.9,98,1680,42,0.15
1698.9,98,1700,49.5,0.14
1698.9,98,1720,58.5,0.14
1698.9,98,1725,61.6,0.14
1698.9,98,1740,73.5,0.14
1698.9,98,1750,84.65,0.13
1698.9,98,1760,,0.13
1698.9,98,1775,89.4,0.13
1698.9,98,1780,,0.13
1698.9,98,1800,109.15,0.14
1698.9,98,1820,,0.14
1698.9,98,1825,150.29,0.14
1698.9,98,1840,,0.15
1698.9,98,1850,,0.15
1698.9,98,1860,,0.16
1698.9,98,1875,,0.16
1698.9,98,1880,,0.17
1698.9,98,1900,,0.18
1698.9,98,1950,,0.2
1698.9,98,2000,,0.23
1698.9,98,2100,,0.28
1698.9,133,100,61.5,1.37
1698.9,133,150,,1.17
1698.9,133,200,0.1,1.03
1698.9,133,250,0.05,0.92
1698.9,133,300,0.2,0.83
1698.9,133,350,0.05,0.8
1698.9,133,400,0.1,0.73
1698.9,133,450,0.15,0.67
1698.9,133,500,0.05,0.62
1698.9,133,550,0.1,0.59
1698.9,133,600,0.1,0.5
1698.9,133,650,0.05,0.47
1698.9,133,700,0.08,0.47
1698.9,133,750,0.1,0.42
1698.9,133,800,0.1,0.42
1698.9,133,850,0.14,0.38
1698.9,133,900,0.25,0.36
1698.9,133,925,0.2,0.35
1698.9,133,950,0.2,0.34
1698.9,133,975,0.3,0.35
1698.9,133,1000,0.35,0.34
1698.9,133,1025,0.45,0.33
1698.9,133,1050,0.65,0.31
1698.9,133,1075,0.7,0.3
1698.9,133,1100,0.85,0.3
1698.9,133,1125,0.95,0.29
1698.9,133,1130,1,0.29
1698.9,133,1150,1.15,0.28
1698.9,133,1175,1.4,0.28
1698.9,133,1200,1.75,0.27
1698.9,133,1225,2.1,0.27
1698.9,133,1250,2.5,0.26
1698.9,133,1275,2.7,0.25
1698.9,133,1300,3.5,0.24
1698.9,133,1325,3,0.24
1698.9,133,1350,4.6,0.23
1698.9,133,1375,5.5,0.23
1698.9,133,1400,6.45,0.22
1698.9,133,1425,7.6,0.21
1698.9,133,1450,9.25,0.21
1698.9,133,1460,10.1,0.2
1698.9,133,1475,10.9,0.2
1698.9,133,1500,13.54,0.19
1698.9,133,1520,15.5,0.19
1698.9,133,1525,18.6,0.19
1698.9,133,1550,19.5,0.18
1698.9,133,1575,24,0.17
1698.9,133,1580,29.75,0.17
1698.9,133,1585,30,0.17
1698.9,133,1590,29.39,0.17
1698.9,133,1595,30.8,0.17
1698.9,133,1600,28.44,0.17
1698.9,133,1620,35.7,0.16
1698.9,133,1625,34,0.16
1698.9,133,1650,40.7,0.16
1698.9,133,1655,52.8,0.16
1698.9,133,1660,50.55,0.15
1698.9,133,1665,49.25,0.15
1698.9,133,1670,52.38,0.15
1698.9,133,1675,49.5,0.15
1698.9,133,1680,59.48,0.15
1698.9,133,1685,50.3,0.15
1698.9,133,1690,55.8,0.15
1698.9,133,1695,63.25,0.15
1698.9,133,1700,60.09,0.15
1698.9,133,1705,109.5,0.15
1698.9,133,1710,62.6,0.15
1698.9,133,1715,,0.14
1698.9,133,1720,65.95,0.14
1698.9,133,1725,72.05,0.14
1698.9,133,1730,76.02,0.14
1698.9,133,1735,78.99,0.14
1698.9,133,1740,83.3,0.14
1698.9,133,1745,,0.14
1698.9,133,1750,96.8,0.14
1698.9,133,1760,,0.14
1698.9,133,1770,,0.14
1698.9,133,1775,97.8,0.14
1698.9,133,1780,159.8,0.14
1698.9,133,1790,,0.14
1698.9,133,1800,122,0.14
1698.9,133,1825,,0.14
1698.9,133,1850,185.8,0.15
1698.9,133,1875,239,0.16
1698.9,133,1900,207,0.17
1698.9,133,1925,,0.18
1698.9,133,1950,314,0.19
1698.9,133,1975,,0.2
1698.9,133,2000,317,0.21
1698.9,133,2025,,0.22
1698.9,133,2050,,0.23
1698.9,133,2250,604.5,0.31
1698.9,133,2500,889,0.39
1698.9,133,3000,1372.33,0.52
1698.9,145,400,,0.79
1698.9,145,500,0.15,0.67
1698.9,145,600,0.4,0.58
1698.9,145,700,1.35,0.49
1698.9,145,725,,0.48
1698.9,145,750,0.6,0.46
1698.9,145,800,1.25,0.43
1698.9,145,850,2.1,0.4
1698.9,145,900,3.2,0.37
1698.9,145,950,3.6,0.35
1698.9,145,1000,0.65,0.33
1698.9,145,1050,0.75,0.3
1698.9,145,1075,2.1,0.31
1698.9,145,1100,0.7,0.31
1698.9,145,1125,1.1,0.29
1698.9,145,1150,1.2,0.29
1698.9,145,1175,2.1,0.28
1698.9,145,1200,2.1,0.27
1698.9,145,1225,2.1,0.27
1698.9,145,1250,3,0.26
1698.9,145,1275,19.9,0.25
1698.9,145,1300,3.8,0.25
1698.9,145,1325,19.7,0.24
1698.9,145,1350,5.2,0.23
1698.9,145,1375,9.3,0.23
1698.9,145,1400,7.8,0.22
1698.9,145,1425,9.5,0.21
1698.9,145,1450,10.9,0.21
1698.9,145,1475,21.6,0.2
1698.9,145,1500,16.32,0.19
1698.9,145,1525,19.2,0.19
1698.9,145,1550,22.35,0.18
1698.9,145,1575,34,0.17
1698.9,145,1600,35,0.17
1698.9,145,1625,37.7,0.16
1698.9,145,1650,43,0.16
1698.9,145,1675,51.7,0.15
1698.9,145,1700,63.9,0.15
1698.9,145,1725,98,0.15
1698.9,145,1750,88.79,0.14
1698.9,145,1760,,0.14
1698.9,145,1775,,0.14
1698.9,145,1800,,0.14
1698.9,145,1825,,0.14
1698.9,145,1850,,0.15
1698.9,145,1875,,0.16
1698.9,145,1900,,0.16
1698.9,145,1925,,0.17
1698.9,145,1950,,0.18
1698.9,145,1975,,0.19
1698.9,145,2000,,0.2
1698.9,161,100,0.05,1.24
1698.9,161,200,0.05,1.1
1698.9,161,250,0.05,0.98
1698.9,161,300,0.3,0.89
1698.9,161,350,0.1,0.81
1698.9,161,400,0.05,0.74
1698.9,161,450,0.1,0.68
1698.9,161,500,0.05,0.63
1698.9,161,550,0.15,0.58
1698.9,161,600,0.3,0.51
1698.9,161,650,0.35,0.48
1698.9,161,700,0.15,0.45
1698.9,161,750,0.12,0.42
1698.9,161,800,0.15,0.39
1698.9,161,850,0.18,0.36
1698.9,161,900,0.4,0.34
1698.9,161,925,0.35,0.33
1698.9,161,950,0.7,0.33
1698.9,161,975,0.65,0.32
1698.9,161,1000,0.7,0.33
1698.9,161,1025,0.95,0.31
1698.9,161,1050,1.15,0.3
1698.9,161,1075,1.35,0.3
1698.9,161,1100,1.5,0.29
1698.9,161,1125,1.75,0.29
1698.9,161,1150,1.95,0.28
1698.9,161,1175,2.35,0.27
1698.9,161,1200,2.6,0.27
1698.9,161,1225,2.6,0.26
1698.9,161,1250,3.19,0.26
1698.9,161,1275,3.7,0.25
1698.9,161,1300,5.25,0.24
1698.9,161,1325,5.09,0.24
1698.9,161,1350,7.2,0.23
1698.9,161,1375,7.5,0.22
1698.9,161,1400,10,0.22
1698.9,161,1405,23,0.22
1698.9,161,1425,11.83,0.21
1698.9,161,1450,14.02,0.21
1698.9,161,1475,18,0.2
1698.9,161,1500,19,0.19
1698.9,161,1525,22,0.19
1698.9,161,1550,26.7,0.18
1698.9,161,1575,34.8,0.18
1698.9,161,1600,39.4,0.17
1698.9,161,1625,38.28,0.17
1698.9,161,1650,47.8,0.16
1698.9,161,1675,61.1,0.16
1698.9,161,1700,68.7,0.15
1698.9,161,1705,,0.15
1698.9,161,1710,,0.15
1698.9,161,1715,,0.15
1698.9,161,1720,,0.15
1698.9,161,1725,79,0.15
1698.9,161,1730,,0.15
1698.9,161,1735,,0.15
1698.9,161,1740,,0.15
1698.9,161,1745,,0.14
1698.9,161,1750,99.85,0.14
1698.9,161,1775,124.6,0.14
1698.9,161,1800,127.4,0.14
1698.9,161,1825,,0.14
1698.9,161,1850,,0.15
1698.9,161,1875,,0.15
1698.9,161,1900,216.5,0.16
1698.9,161,1950,,0.18
1698.9,161,2000,325,0.2
1698.9,161,2050,,0.22
1698.9,161,2100,,0.24
1698.9,161,2250,,0.29
1698.9,161,2500,,0.36
1698.9,161,3000,1594,0.48
1698.9,224,200,,0.95
1698.9,224,250,0.05,0.85
1698.9,224,300,0.1,0.77
1698.9,224,350,0.1,0.7
1698.9,224,400,0.15,0.6
1698.9,224,450,,0.55
1698.9,224,500,0.05,0.51
1698.9,224,550,,0.47
1698.9,224,600,0.05,0.43
1698.9,224,650,,0.44
1698.9,224,700,0.6,0.39
1698.9,224,725,0.65,0.38
1698.9,224,750,0.45,0.37
1698.9,224,775,0.5,0.36
1698.9,224,800,0.5,0.35
1698.9,224,825,0.4,0.34
1698.9,224,850,0.9,0.33
1698.9,224,875,0.65,0.33
1698.9,224,900,0.8,0.32
1698.9,224,925,0.95,0.32
1698.9,224,950,1.15,0.31
1698.9,224,975,1.35,0.31
1698.9,224,1000,1.95,0.3
1698.9,224,1025,2.2,0.3
1698.9,224,1050,2.3,0.29
1698.9,224,1075,2.9,0.29
1698.9,224,1100,3.1,0.28
1698.9,224,1125,3.4,0.28
1698.9,224,1150,4.5,0.27
1698.9,224,1175,6.6,0.27
1698.9,224,1200,5.2,0.26
1698.9,224,1225,8,0.26
1698.9,224,1250,8,0.25
1698.9,224,1275,9.2,0.24
1698.9,224,1300,10,0.24
1698.9,224,1325,13.5,0.23
1698.9,224,1350,13.6,0.23
1698.9,224,1375,27,0.22
1698.9,224,1400,17.25,0.22
1698.9,224,1425,17.2,0.21
1698.9,224,1450,22.67,0.21
1698.9,224,1475,22.7,0.2
1698.9,224,1500,29.85,0.2
1698.9,224,1525,30.6,0.19
1698.9,224,1550,42.3,0.19
1698.9,224,1575,43.1,0.18
1698.9,224,1600,49.2,0.18
1698.9,224,1625,62.6,0.17
1698.9,224,1650,67.7,0.17
1698.9,224,1675,78,0.16
1698.9,224,1700,90.2,0.16
1698.9,224,1725,103,0.16
1698.9,224,1750,108.5,0.15
1698.9,224,1775,121.15,0.15
1698.9,224,1800,,0.15
1698.9,224,1825,,0.15
1698.9,224,1850,194.2,0.16
1698.9,224,1875,,0.16
1698.9,224,1900,,0.16
1698.9,224,1925,,0.17
1698.9,224,1950,,0.18
1698.9,224,1975,,0.18
1698.9,224,2000,346.1,0.19
1698.9,224,2025,,0.2
1698.9,224,2050,,0.21
1698.9,224,2100,,0.22
1698.9,235,400,0.15,0.62
1698.9,235,500,,0.53
1698.9,235,600,,0.46
1698.9,235,700,,0.4
1698.9,235,750,,0.38
1698.9,235,800,2.55,0.36
1698.9,235,850,,0.34
1698.9,235,900,2.75,0.33
1698.9,235,925,,0.32
1698.9,235,950,4.4,0.32
1698.9,235,975,,0.31
1698.9,235,1000,8.1,0.31
1698.9,235,1025,,0.3
1698.9,235,1050,,0.3
1698.9,235,1075,11.3,0.29
1698.9,235,1100,,0.28
1698.9,235,1125,,0.28
1698.9,235,1150,,0.27
1698.9,235,1175,10,0.27
1698.9,235,1200,12.3,0.26
1698.9,235,1225,,0.25
1698.9,235,1250,,0.25
1698.9,235,1275,25,0.24
1698.9,235,1300,29,0.24
1698.9,235,1325,,0.23
1698.9,235,1350,,0.23
1698.9,235,1375,45.8,0.22
1698.9,235,1400,25.3,0.22
1698.9,235,1425,62,0.21
1698.9,235,1450,40.5,0.21
1698.9,235,1475,25.3,0.2
1698.9,235,1500,33.9,0.2
1698.9,235,1525,37.9,0.19
1698.9,235,1550,39.6,0.19
1698.9,235,1575,,0.18
1698.9,235,1600,56.7,0.18
1698.9,235,1625,110,0.17
1698.9,235,1650,74.05,0.17
1698.9,235,1675,,0.17
1698.9,235,1700,108.6,0.16
1698.9,235,1725,,0.16
1698.9,235,1750,,0.16
1698.9,235,1775,,0.15
1698.9,235,1800,,0.15
1698.9,235,1825,,0.15
1698.9,235,1850,,0.16
1698.9,235,1875,,0.16
1698.9,235,1900,,0.16
1698.9,235,1925,,0.17
1698.9,235,1950,,0.17
1698.9,235,1975,,0.18
1698.9,235,2000,,0.19
1698.9,315,100,0.1,0.94
1698.9,315,200,0.15,0.7
1698.9,315,250,0.2,0.63
1698.9,315,300,0.2,0.59
1698.9,315,350,0.15,0.55
1698.9,315,400,0.15,0.5
1698.9,315,450,0.85,0.51
1698.9,315,500,0.75,0.47
1698.9,315,550,0.4,0.44
1698.9,315,600,0.55,0.42
1698.9,315,650,1.8,0.39
1698.9,315,700,0.7,0.37
1698.9,315,750,1.15,0.35
1698.9,315,800,1.5,0.34
1698.9,315,850,1.75,0.33
1698.9,315,900,2.5,0.32
1698.9,315,950,2.9,0.3
1698.9,315,975,3.2,0.3
1698.9,315,1000,3.5,0.3
1698.9,315,1025,4.1,0.29
1698.9,315,1035,12.3,0.29
1698.9,315,1050,9.7,0.29
1698.9,315,1075,10.4,0.28
1698.9,315,1100,7.6,0.28
1698.9,315,1125,10,0.27
1698.9,315,1150,8.7,0.27
1698.9,315,1175,23,0.26
1698.9,315,1200,10.6,0.26
1698.9,315,1225,25.2,0.25
1698.9,315,1250,15.5,0.25
1698.9,315,1275,16.5,0.24
1698.9,315,1300,18.4,0.24
1698.9,315,1325,19.7,0.23
1698.9,315,1350,24.5,0.23
1698.9,315,1375,27.95,0.22
1698.9,315,1400,30.5,0.22
1698.9,315,1425,31.3,0.21
1698.9,315,1450,38.1,0.21
1698.9,315,1475,42.15,0.2
1698.9,315,1500,46,0.2
1698.9,315,1525,52,0.2
1698.9,315,1550,57,0.19
1698.9,315,1565,91,0.19
1698.9,315,1575,67,0.19
1698.9,315,1600,72,0.19
1698.9,315,1625,81.69,0.18
1698.9,315,1650,89.4,0.18
1698.9,315,1675,100.3,0.17
1698.9,315,1700,113.7,0.17
1698.9,315,1725,172.28,0.17
1698.9,315,1750,227.05,0.17
1698.9,315,1775,,0.17
1698.9,315,1800,285.5,0.16
1698.9,315,1825,,0.17
1698.9,315,1850,214,0.17
1698.9,315,1875,,0.17
1698.9,315,1900,338.7,0.17
1698.9,315,1925,,0.17
1698.9,315,1950,,0.18
1698.9,315,2000,548.25,0.19
1698.9,315,2250,,0.25
1698.9,315,2500,900.8,0.31
1698.9,326,500,,0.46
1698.9,326,600,,0.41
1698.9,326,700,1,0.37
1698.9,326,750,1.3,0.36
1698.9,326,800,1.8,0.34
1698.9,326,850,,0.33
1698.9,326,900,,0.32
1698.9,326,925,,0.32
1698.9,326,950,,0.31
1698.9,326,975,,0.3
1698.9,326,1000,,0.3
1698.9,326,1025,,0.29
1698.9,326,1050,6.5,0.29
1698.9,326,1075,,0.28
1698.9,326,1100,8.7,0.28
1698.9,326,1125,,0.27
1698.9,326,1150,,0.27
1698.9,326,1175,,0.26
1698.9,326,1200,,0.26
1698.9,326,1225,,0.25
1698.9,326,1250,,0.25
1698.9,326,1275,,0.24
1698.9,326,1300,18.5,0.24
1698.9,326,1325,26,0.23
1698.9,326,1350,,0.23
1698.9,326,1375,,0.22
1698.9,326,1400,38.1,0.22
1698.9,326,1425,,0.21
1698.9,326,1450,,0.21
1698.9,326,1475,,0.2
1698.9,326,1500,58,0.2
1698.9,326,1525,,0.2
1698.9,326,1550,62,0.19
1698.9,326,1575,,0.19
1698.9,326,1600,,0.18
1698.9,326,1625,,0.18
1698.9,326,1650,,0.18
1698.9,326,1675,,0.18
1698.9,326,1700,,0.17
1698.9,326,1725,,0.17
1698.9,326,1750,,0.17
1698.9,326,1775,,0.17
1698.9,326,1800,,0.16
1698.9,326,1825,,0.16
1698.9,326,1850,214,0.16
1698.9,326,1875,,0.17
1698.9,326,1900,,0.17
1698.9,326,1950,,0.17
1698.9,326,2000,,0.18
1698.9,497,100,0.05,0.75
1698.9,497,200,0.15,0.61
1698.9,497,250,0.25,0.58
1698.9,497,300,0.3,0.53
1698.9,497,350,0.4,0.5
1698.9,497,400,0.65,0.5
1698.9,497,450,0.85,0.46
1698.9,497,500,1.15,0.44
1698.9,497,550,2.85,0.4
1698.9,497,600,2,0.39
1698.9,497,650,2.55,0.37
1698.9,497,700,2.8,0.36
1698.9,497,750,4.66,0.35
1698.9,497,775,6.3,0.34
1698.9,497,800,4.1,0.32
1698.9,497,825,8,0.32
1698.9,497,850,5.2,0.32
1698.9,497,875,6.7,0.31
1698.9,497,900,7.1,0.3
1698.9,497,925,8.95,0.3
1698.9,497,950,18,0.29
1698.9,497,975,9.8,0.29
1698.9,497,1000,10,0.29
1698.9,497,1025,25,0.28
1698.9,497,1050,24,0.28
1698.9,497,1075,20.83,0.27
1698.9,497,1100,14.4,0.27
1698.9,497,1125,21,0.26
1698.9,497,1150,20,0.25
1698.9,497,1175,30.15,0.25
1698.9,497,1200,22,0.25
1698.9,497,1225,28.5,0.25
1698.9,497,1250,28.5,0.24
1698.9,497,1275,34.8,0.24
1698.9,497,1300,32.7,0.23
1698.9,497,1325,38.5,0.23
1698.9,497,1350,43.7,0.23
1698.9,497,1375,45,0.22
1698.9,497,1400,53.1,0.22
1698.9,497,1425,57.8,0.22
1698.9,497,1450,63,0.21
1698.9,497,1475,69.35,0.21
1698.9,497,1500,72.5,0.21
1698.9,497,1525,79,0.2
1698.9,497,1550,89.75,0.2
1698.9,497,1575,96,0.2
1698.9,497,1600,105,0.2
1698.9,497,1625,112,0.19
1698.9,497,1650,122.7,0.19
1698.9,497,1675,139,0.19
1698.9,497,1700,146,0.18
1698.9,497,1725,154,0.18
1698.9,497,1750,177,0.18
1698.9,497,1775,,0.18
1698.9,497,1800,191.14,0.18
1698.9,497,1825,263.5,0.18
1698.9,497,1850,241.3,0.18
1698.9,497,1875,,0.18
1698.9,497,1900,517.26,0.18
1698.9,497,1925,,0.18
1698.9,497,1950,,0.18
1698.9,497,1975,,0.18
1698.9,497,2000,361,0.19
1698.9,497,2100,489,0.2
1698.9,497,2200,,0.22
1698.9,497,2250,580.05,0.23
1698.9,497,2500,851.1,0.28
1698.9,497,3000,1335.25,0.35
1698.9,525,100,0.05,0.81
1698.9,525,200,,0.67
1698.9,525,250,,0.61
1698.9,525,300,,0.51
1698.9,525,350,,0.47
1698.9,525,400,,0.48
1698.9,525,450,,0.45
1698.9,525,500,,0.41
1698.9,525,550,,0.4
1698.9,525,600,,0.39
1698.9,525,650,2.95,0.37
1698.9,525,700,,0.35
1698.9,525,750,4.5,0.34
1698.9,525,775,,0.33
1698.9,525,800,,0.33
1698.9,525,825,,0.32
1698.9,525,850,6.7,0.31
1698.9,525,875,7.75,0.31
1698.9,525,900,8.6,0.3
1698.9,525,925,,0.3
1698.9,525,950,8.9,0.29
1698.9,525,975,,0.29
1698.9,525,1000,,0.28
1698.9,525,1025,,0.28
1698.9,525,1050,,0.27
1698.9,525,1075,,0.27
1698.9,525,1100,,0.26
1698.9,525,1125,,0.26
1698.9,525,1150,,0.26
1698.9,525,1175,,0.25
1698.9,525,1200,24,0.25
1698.9,525,1225,,0.24
1698.9,525,1250,,0.24
1698.9,525,1275,,0.24
1698.9,525,1300,35.5,0.23
1698.9,525,1325,,0.23
1698.9,525,1350,,0.23
1698.9,525,1375,,0.22
1698.9,525,1400,53,0.22
1698.9,525,1425,,0.22
1698.9,525,1450,,0.21
1698.9,525,1475,99.1,0.21
1698.9,525,1500,74,0.21
1698.9,525,1525,86.98,0.2
1698.9,525,1550,,0.2
1698.9,525,1575,103.03,0.2
1698.9,525,1600,106,0.2
1698.9,525,1625,162,0.19
1698.9,525,1650,135,0.19
1698.9,525,1675,148,0.19
1698.9,525,1700,156.1,0.19
1698.9,525,1725,,0.18
1698.9,525,1750,,0.18
1698.9,525,1775,,0.18
1698.9,525,1800,,0.18
1698.9,525,1825,,0.18
1698.9,525,1850,,0.18
1698.9,525,1875,,0.18
1698.9,525,1900,,0.18
1698.9,525,1925,,0.18
1698.9,525,1950,,0.18
1698.9,525,1975,,0.19
1698.9,525,2000,,0.19
1698.9,525,2100,,0.2
1698.9,525,2200,,0.22
1698.9,861,100,0.2,0.63
1698.9,861,200,0.65,0.54
1698.9,861,300,1.15,0.46
1698.9,861,400,2,0.42
1698.9,861,500,3.2,0.38
1698.9,861,550,4.81,0.36
1698.9,861,600,7.2,0.35
1698.9,861,650,10.55,0.34
1698.9,861,700,14.5,0.33
1698.9,861,750,11.1,0.32
1698.9,861,800,14.2,0.31
1698.9,861,850,15.4,0.3
1698.9,861,900,20,0.29
1698.9,861,950,23.2,0.28
1698.9,861,975,25.9,0.28
1698.9,861,1000,28,0.27
1698.9,861,1025,59.4,0.27
1698.9,861,1050,42.2,0.27
1698.9,861,1075,36.8,0.26
1698.9,861,1100,39.8,0.26
1698.9,861,1125,43,0.26
1698.9,861,1150,44,0.25
1698.9,861,1175,48,0.25
1698.9,861,1200,57,0.25
1698.9,861,1225,71,0.24
1698.9,861,1250,66.78,0.24
1698.9,861,1275,67.4,0.24
1698.9,861,1300,70,0.24
1698.9,861,1325,108.05,0.24
1698.9,861,1350,84,0.23
1698.9,861,1375,108.29,0.23
1698.9,861,1400,101,0.23
1698.9,861,1425,130,0.23
1698.9,861,1450,115.5,0.22
1698.9,861,1475,120.9,0.22
1698.9,861,1500,125,0.22
1698.9,861,1525,140.5,0.22
1698.9,861,1550,142.6,0.21
1698.9,861,1575,165.4,0.21
1698.9,861,1600,165,0.21
1698.9,861,1625,178,0.21
1698.9,861,1650,183,0.21
1698.9,861,1675,196,0.21
1698.9,861,1700,210,0.2
1698.9,861,1725,230,0.2
1698.9,861,1750,234.7,0.2
1698.9,861,1775,263.15,0.2
1698.9,861,1800,256.2,0.2
1698.9,861,1825,286.15,0.2
1698.9,861,1850,294.1,0.2
1698.9,861,1875,,0.2
1698.9,861,1900,,0.2
1698.9,861,1925,,0.2
1698.9,861,1950,,0.2
1698.9,861,1975,,0.2
1698.9,861,2000,418,0.2
1698.9,861,2025,,0.2
1698.9,861,2050,,0.2
1698.9,861,2100,530.14,0.21
1698.9,861,2200,589,0.21
1698.9,861,2250,,0.22
1698.9,861,2500,844.35,0.25
1698.9,861,3000,1331.3,0.3